SettlementDate,ssp,sbp,price,ma7,roll7_std
2025-02-01,111.9094980304784,111.9094980304784,111.9094980304784,,
2025-02-02,96.16076043813763,96.16076043813763,96.16076043813763,,
2025-02-03,102.2679794228034,102.2679794228034,102.2679794228034,,
2025-02-04,119.11708383964604,119.11708383964604,119.11708383964604,,
2025-02-05,126.26251501474802,126.26251501474802,126.26251501474802,,
2025-02-06,120.03212267953603,120.03212267953603,120.03212267953603,,
2025-02-07,125.42729340561566,125.42729340561566,125.42729340561566,114.45389326156646,11.56380992516071
2025-02-08,135.59788554280078,135.59788554280078,135.59788554280078,117.83794862046966,13.920978460004973
2025-02-09,115.5264908486963,115.5264908486963,115.5264908486963,120.60448153626373,10.36523248350614
2025-02-10,116.61729591836735,116.61729591836735,116.61729591836735,122.65438389277288,7.010514820834693
2025-02-11,135.18127921584207,135.18127921584207,135.18127921584207,124.94926894651518,8.189719584321454
2025-02-12,131.29718255154702,131.29718255154702,131.29718255154702,125.66850716605788,8.53794772183742
2025-02-13,130.23707759852854,130.23707759852854,130.23707759852854,127.12635786877111,8.28256213199055
2025-02-14,95.06756242692752,95.06756242692752,95.06756242692752,122.78925344324422,14.746814539464918
2025-02-15,114.07626028719727,114.07626028719727,114.07626028719727,119.71473554958656,13.84736922002893
2025-02-16,87.47092957038541,87.47092957038541,87.47092957038541,115.70679822411361,18.530040947113537
2025-02-17,104.53770833333333,104.53770833333333,104.53770833333333,113.98114285482302,18.98792977469453
2025-02-18,97.84349963314732,97.84349963314732,97.84349963314732,108.64717434300948,17.200135993655948
2025-02-19,99.90541993086775,99.90541993086775,99.90541993086775,104.1626368257696,14.128493257434371
2025-02-20,74.66532719081165,74.66532719081165,74.66532719081165,96.2238153389529,12.561359654670374
2025-02-21,49.475764571962344,49.475764571962344,49.475764571962344,89.71070135967214,21.732561177530858
2025-02-22,50.83693677759601,50.83693677759601,50.83693677759601,80.67651228687198,23.021723065838614
2025-02-23,42.70233147402416,42.70233147402416,42.70233147402416,74.28099827310608,26.73809549189887
2025-02-24,53.022271838087086,53.022271838087086,53.022271838087086,66.92165020235662,23.968379937564368
2025-02-25,88.4102539684696,88.4102539684696,88.4102539684696,65.57404367883123,22.135139624547985
2025-02-26,106.04416977070106,106.04416977070106,106.04416977070106,66.45100794166456,23.782313748856676
2025-02-27,90.6412269645012,90.6412269645012,90.6412269645012,68.73327933790593,25.412664165915167
2025-02-28,100.14140537545819,100.14140537545819,100.14140537545819,75.97122802411961,26.21616612575126
2025-03-01,91.63810269555167,91.63810269555167,91.63810269555167,81.79996601239898,24.150994657746963
2025-03-02,106.29795719119427,106.29795719119427,106.29795719119427,90.88505540056615,18.227167720714
2025-03-03,90.47766480982739,90.47766480982739,90.47766480982739,96.23582582510049,7.7409973276059745
2025-03-04,78.27538561220007,78.27538561220007,78.27538561220007,94.78798748849054,10.051553980779891
2025-03-05,67.6645009664892,67.6645009664892,67.6645009664892,89.30517765931744,12.940607151842421
2025-03-06,93.57633724486196,93.57633724486196,93.57633724486196,89.72447912794038,13.038295908323759
2025-03-07,91.71836219960443,91.71836219960443,91.71836219960443,88.52118724567558,12.283530972660406
2025-03-08,87.04948951359899,87.04948951359899,87.04948951359899,87.8656710768252,12.211699452419923
2025-03-09,89.42492289774809,89.42492289774809,89.42492289774809,85.45523760633287,9.280484805285404
2025-03-10,75.76644587278763,75.76644587278763,75.76644587278763,83.35363490104147,9.613316823138243
2025-03-11,85.0006362185532,85.0006362185532,85.0006362185532,84.31438498766336,9.35376817517817
2025-03-12,88.1953171431846,88.1953171431846,88.1953171431846,87.24735872719127,5.810687369404471
2025-03-13,94.81267190417013,94.81267190417013,94.81267190417013,87.42397796423529,6.049024165572971
2025-03-14,103.84908325614235,103.84908325614235,103.84908325614235,89.1569381151693,8.65894962673768
2025-03-15,87.6887529953044,87.6887529953044,87.6887529953044,89.24826146969862,8.636360152311836
2025-03-16,98.16352044764507,98.16352044764507,98.16352044764507,90.49663254825535,9.274174905060233
2025-03-17,106.3440996374873,106.3440996374873,106.3440996374873,94.8648688003553,8.333219855783375
2025-03-18,90.31881627273528,90.31881627273528,90.31881627273528,95.62460880809559,7.48307416762878
2025-03-19,124.85750074219101,124.85750074219101,124.85750074219101,100.86206360795366,12.538802844993407
2025-03-20,112.18907923775373,112.18907923775373,112.18907923775373,103.3444075127513,12.857561879906935
2025-03-21,103.13365449641866,103.13365449641866,103.13365449641866,103.24220340421934,12.855724953259385
2025-03-22,96.07420411933403,96.07420411933403,96.07420411933403,104.44012499336645,11.482183776271704
2025-03-23,109.68611654325296,109.68611654325296,109.68611654325296,106.08621014988184,11.25611503400907
2025-03-24,93.63323486030306,93.63323486030306,93.63323486030306,104.27037232456982,12.193782373770631
2025-03-25,83.23283346793882,83.23283346793882,83.23283346793882,103.25808906674175,13.74099144040379
2025-03-26,88.72236424440938,88.72236424440938,88.72236424440938,98.0959267099158,10.732399115054402
2025-03-27,79.75344145898298,79.75344145898298,79.75344145898298,93.4622641700914,10.635164642714795
2025-03-28,46.402881889411,46.402881889411,46.402881889411,85.35786808337603,19.748085899433296
2025-03-29,53.55007103902053,53.55007103902053,53.55007103902053,79.28299192904554,22.280367415038086
2025-03-30,9.77995332797167,9.77995332797167,9.77995332797167,65.01068289829105,30.16322094285357
2025-03-31,90.61927431827449,90.61927431827449,90.61927431827449,64.5801171065727,29.704576390614143
2025-04-01,53.1659669577397,53.1659669577397,53.1659669577397,60.28485046225853,28.715225167197783
2025-04-02,55.8485396039604,55.8485396039604,55.8485396039604,55.58858979933725,25.832761992090383
2025-04-03,107.70457658854167,107.70457658854167,107.70457658854167,59.58160910355992,31.687316479343693
2025-04-04,72.47446419291087,72.47446419291087,72.47446419291087,63.306120861202764,31.41114213277626
2025-04-05,27.045156892892177,27.045156892892177,27.045156892892177,59.519704554613,34.25219569887306
2025-04-06,29.29583706525298,29.29583706525298,29.29583706525298,62.307687945653186,30.067443122001023
2025-04-07,88.15704070104083,88.15704070104083,88.15704070104083,61.955940286048374,29.69310763290141
2025-04-08,89.3757561813381,89.3757561813381,89.3757561813381,67.128767317991,31.030521376801573
2025-04-09,89.24411180288398,89.24411180288398,89.24411180288398,71.89956334640866,31.569713869172613
2025-04-10,70.6786680128367,70.6786680128367,70.6786680128367,66.61014783559366,27.396858699835292
2025-04-11,74.0496317812169,74.0496317812169,74.0496317812169,66.83517177678024,27.45945029897777
2025-04-12,64.90250484496124,64.90250484496124,64.90250484496124,72.24336434136153,21.3692869699808
2025-04-13,55.45655580593666,55.45655580593666,55.45655580593666,75.98060987574492,13.412782249378083
2025-04-14,76.8046876536469,76.8046876536469,76.8046876536469,74.35884515468864,12.338416679102766
2025-04-15,88.00486613538622,88.00486613538622,88.00486613538622,74.16300371955266,12.068256927661421
2025-04-16,70.99839335675567,70.99839335675567,70.99839335675567,71.5564725129629,10.07367737259675
2025-04-17,84.54540946318942,84.54540946318942,84.54540946318942,73.53743557729901,11.175466392681157
2025-04-18,90.83499492968662,90.83499492968662,90.83499492968662,75.93534459850896,12.961736865634801
2025-04-19,64.53733792904207,64.53733792904207,64.53733792904207,75.88317789623478,13.014169770546918
2025-04-20,94.67373544665203,94.67373544665203,94.67373544665203,81.48563213062269,11.04790627069604
2025-04-21,91.88417257864585,91.88417257864585,91.88417257864585,83.63984426276542,11.446042916493418
2025-04-22,76.39765986946553,76.39765986946553,76.39765986946553,81.98167193906247,11.548596316794615
2025-04-23,80.27010214959601,80.27010214959601,80.27010214959601,83.30620176661107,10.569112775826909
2025-04-24,73.57740213237939,73.57740213237939,73.57740213237939,81.73934357649536,11.151722316165078
2025-04-25,86.02979166666667,86.02979166666667,86.02979166666667,81.05288596749251,10.634409297449364
2025-04-26,82.64770833333334,82.64770833333334,82.64770833333334,83.64008173953411,7.761754787226446
2025-04-27,38.64687066140177,38.64687066140177,38.64687066140177,75.6362439130698,17.395816611993176
2025-04-28,90.63143039758019,90.63143039758019,90.63143039758019,75.45728074434614,17.20621423915337
2025-04-29,94.44172028352648,94.44172028352648,94.44172028352648,78.03500366064056,18.660720307405835
2025-04-30,83.57759744180389,83.57759744180389,83.57759744180389,78.50750298809882,18.768310106905787
2025-05-01,69.82223483867159,69.82223483867159,69.82223483867159,77.97105051756913,18.985127096501177
2025-05-02,73.66748079246496,73.66748079246496,73.66748079246496,76.2050061069689,18.683126606071628
2025-05-03,53.77974318114105,53.77974318114105,53.77974318114105,72.08101108522713,20.152286799147067
2025-05-04,17.35655343929066,17.35655343929066,17.35655343929066,69.03953719635412,26.610958125853
2025-05-05,70.92723505742482,70.92723505742482,70.92723505742482,66.2246521477605,24.935740950823238
2025-05-06,78.20852344986253,78.20852344986253,78.20852344986253,63.90562402866565,22.51115300573694
2025-05-07,91.19481147294346,91.19481147294346,91.19481147294346,64.99379746168559,23.76950574912316
2025-05-08,101.99596977214931,101.99596977214931,101.99596977214931,69.59004530932525,27.652320305286132
2025-05-09,107.63089166013664,107.63089166013664,107.63089166013664,74.44196114756406,31.234590359232186
2025-05-10,73.15237345568323,73.15237345568323,73.15237345568323,77.20947975821295,29.929693950309897
2025-05-11,73.46465625171906,73.46465625171906,73.46465625171906,85.2249230171313,15.036838538808448
2025-05-12,92.12729590007773,92.12729590007773,92.12729590007773,88.25350313751028,13.7577364117817
2025-05-13,91.24713504747886,91.24713504747886,91.24713504747886,90.11616193716976,13.034733071783421
2025-05-14,76.65087209845574,76.65087209845574,76.65087209845574,88.03845631224294,13.960409010773112
2025-05-15,94.84285090857794,94.84285090857794,94.84285090857794,87.0165821888756,12.997026167932688
2025-05-16,62.943729574980104,62.943729574980104,62.943729574980104,80.6327018909961,12.129929373588014
2025-05-17,59.01251708944226,59.01251708944226,59.01251708944226,78.61272241010454,14.524266919423907
2025-05-18,74.49202536593982,74.49202536593982,74.49202536593982,78.75948942642178,14.46866011038544
2025-05-19,73.28703258468803,73.28703258468803,73.28703258468803,76.06802323850897,13.270232066684247
2025-05-20,83.96494669386283,83.96494669386283,83.96494669386283,75.02771061656381,12.117305578612141
2025-05-21,80.0877297414979,80.0877297414979,80.0877297414979,75.51869027985556,12.262791145390649
2025-05-22,93.38500528938555,93.38500528938555,93.38500528938555,75.31042661997093,11.886509803160054
2025-05-23,68.60418386355218,68.60418386355218,68.60418386355218,76.1190629469098,11.069446982154963
2025-05-24,28.240903687677413,28.240903687677413,28.240903687677413,71.7231181752291,20.815098081174764
2025-05-25,9.266349189870537,9.266349189870537,9.266349189870537,62.40516443579064,31.318315090377567
2025-05-26,28.648763029366293,28.648763029366293,28.648763029366293,56.028268785030384,33.22009220115114
2025-05-27,71.7780136898932,71.7780136898932,71.7780136898932,54.28727835589187,31.801012335521225
2025-05-28,89.63741313274106,89.63741313274106,89.63741313274106,55.651518840355166,33.26351100362097
2025-05-29,34.629763841800646,34.629763841800646,34.629763841800646,47.25791291927162,29.336259778753426
2025-05-30,71.08707348949036,71.08707348949036,71.08707348949036,47.612611437262785,29.650693527085814
2025-05-31,57.071284259340736,57.071284259340736,57.071284259340736,51.73123723321469,28.491061876528974
2025-06-01,27.044757370444618,27.044757370444618,27.044757370444618,54.27100983043956,24.601646620619768
2025-06-02,62.88279980485256,62.88279980485256,62.88279980485256,59.16158651265188,21.915311664493114
2025-06-03,0.400293148994159,0.400293148994159,0.400293148994159,48.96476929252344,30.131863271343047
2025-06-04,34.662319960243416,34.662319960243416,34.662319960243416,41.111184553595216,24.379361669268672
2025-06-05,89.73641448006089,89.73641448006089,89.73641448006089,48.98356321620382,30.151571000286587
2025-06-06,91.34117137308162,91.34117137308162,91.34117137308162,51.87700577100257,33.42080473885693
2025-06-07,105.94104132158627,105.94104132158627,105.94104132158627,58.85839963703764,39.27777472729369
2025-06-08,41.27121950087619,41.27121950087619,41.27121950087619,60.89075136995644,37.693388945276006
2025-06-09,85.16652264322089,85.16652264322089,85.16652264322089,64.0741403468662,38.81399334727927
2025-06-10,48.75791926124458,48.75791926124458,48.75791926124458,70.98237264861626,28.53453630835481
2025-06-11,90.01379320395411,90.01379320395411,90.01379320395411,78.88972596914637,24.120128728633045
2025-06-12,81.8887896037652,81.8887896037652,81.8887896037652,77.76863670110413,23.71086074045052
2025-06-13,79.14232803786119,79.14232803786119,79.14232803786119,76.02594479607264,22.984211998869437
2025-06-14,77.4004388405465,77.4004388405465,77.4004388405465,71.9487158702098,18.974780064619527
2025-06-15,61.158176956995284,61.158176956995284,61.158176956995284,74.78970979251254,14.600695715645914
2025-06-16,82.88306450082068,82.88306450082068,82.88306450082068,74.46350148645537,14.353635745973728
2025-06-17,75.57878352553132,75.57878352553132,75.57878352553132,78.29505352421062,8.88690529310769
2025-06-18,116.03451693847437,116.03451693847437,116.03451693847437,82.01229977199922,16.653704870989205
2025-06-19,110.3452418786198,110.3452418786198,110.3452418786198,86.07750723983561,19.795345778488944
2025-06-20,105.52847544002883,105.52847544002883,105.52847544002883,89.84695686871667,20.744141690159033
2025-06-21,94.36639536999724,94.36639536999724,94.36639536999724,92.27066494435249,20.02625557552858
2025-06-22,16.522573691758563,16.522573691758563,16.522573691758563,85.89415019217583,33.89068778492874
2025-06-23,37.10472076276961,37.10472076276961,37.10472076276961,79.35438680102568,38.65107709092949
2025-06-24,73.61174485453245,73.61174485453245,73.61174485453245,79.07338127659726,38.69023255170963
2025-06-25,98.32721519173897,98.32721519173897,98.32721519173897,76.54376674134934,36.380847737442494
2025-06-26,49.088077395407026,49.088077395407026,49.088077395407026,67.79274324374752,34.1969997777246
2025-06-27,52.924813264683,52.924813264683,52.924813264683,60.27793436155526,30.05099042324551
2025-06-28,1.4414044503894685,1.4414044503894685,1.4414044503894685,47.002935658754154,32.87478034566876
2025-06-29,65.41724767140765,65.41724767140765,65.41724767140765,53.987889084418306,30.422071202240677
2025-06-30,116.91014107660298,116.91014107660298,116.91014107660298,65.38866341496593,37.23201877695135
2025-07-01,89.55879805354628,89.55879805354628,89.55879805354628,67.6668138719679,38.29183091033851
2025-07-02,78.83162029673576,78.83162029673576,78.83162029673576,64.88172888696745,36.34987778886639
2025-07-03,81.83561614311652,81.83561614311652,81.83561614311652,69.5599487080688,36.08479913663705
2025-07-04,50.41178488023714,50.41178488023714,50.41178488023714,69.20094465314797,36.28980258917142
2025-07-05,15.10823444743371,15.10823444743371,15.10823444743371,71.15334893844,32.17059077072243
2025-07-06,96.0652811251815,96.0652811251815,96.0652811251815,75.53163943183628,33.32465798084793
2025-07-07,68.29126722347151,68.29126722347151,68.29126722347151,68.58608602424606,27.885942048604708
2025-07-08,73.6512881858336,73.6512881858336,73.6512881858336,66.31358461457282,26.505994190320646
2025-07-09,77.67640522062173,77.67640522062173,77.67640522062173,66.14855388941366,26.418516854999922
2025-07-10,82.45241515666656,82.45241515666656,82.45241515666656,66.23666803420653,26.480514277043355
2025-07-11,82.66968797550223,82.66968797550223,82.66968797550223,70.8449399049587,26.071280010677956
2025-07-12,79.65425257908771,79.65425257908771,79.65425257908771,80.06579963805211,8.699844092291093
2025-07-13,78.63180552722808,78.63180552722808,78.63180552722808,77.57530312405878,5.111729068694651
2025-07-14,72.75142650903462,72.75142650903462,72.75142650903462,78.21246873628208,3.8947239376326177
2025-07-15,92.23136815873416,92.23136815873416,92.23136815873416,80.86676587526787,6.019708841118609
2025-07-16,86.9499236962695,86.9499236962695,86.9499236962695,82.19155422893184,6.217747795430989
2025-07-17,85.17542770834491,85.17542770834491,85.17542770834491,82.58055602202874,6.321109101492384
2025-07-18,91.77387879435673,91.77387879435673,91.77387879435673,83.88115471043652,7.215802820787122
2025-07-19,86.84906556803476,86.84906556803476,86.84906556803476,84.90898513742897,7.023218725709789
2025-07-20,97.95975524861295,97.95975524861295,97.95975524861295,87.67012081191253,7.8899316934186565
2025-07-21,71.09517722077096,71.09517722077096,71.09517722077096,87.43351377073199,8.418982201589877
2025-07-22,86.70279101704341,86.70279101704341,86.70279101704341,86.64371703620475,8.148861522786692
2025-07-23,90.65106727914326,90.65106727914326,90.65106727914326,87.17245183375813,8.290876861076727
2025-07-24,86.12633551231859,86.12633551231859,86.12633551231859,87.30829580575438,8.260436970490025
2025-07-25,79.10902400460307,79.10902400460307,79.10902400460307,85.49903083578957,8.50275898538135
2025-07-26,79.74410707667779,79.74410707667779,79.74410707667779,84.48403676559572,8.735621759383822
2025-07-27,82.94624204213694,82.94624204213694,82.94624204213694,82.33924916467058,6.408790215328113
2025-07-28,71.54786563730723,71.54786563730723,71.54786563730723,82.40391893846147,6.277354557482471
2025-07-29,74.79094551369231,74.79094551369231,74.79094551369231,80.70222672369702,6.527350788589217
2025-07-30,73.54160890342926,73.54160890342926,73.54160890342926,78.25801838430932,5.261713729538711
2025-08-01,90.13884905299615,90.13884905299615,90.13884905299615,78.8312346044061,6.364713574805856
2025-08-02,48.31835019272287,48.31835019272287,48.31835019272287,74.43256691699466,13.156611009525765
2025-08-03,52.808997919629604,52.808997919629604,52.808997919629604,70.58469418027349,15.134408284136933
2025-08-04,35.23483825128839,35.23483825128839,35.23483825128839,63.7687793530094,18.911678353145327
2025-08-05,27.73746909477291,27.73746909477291,27.73746909477291,57.5101512755045,22.764949763528936
2025-08-06,50.92757011683341,50.92757011683341,50.92757011683341,54.1010976473818,21.497327838392575
2025-08-07,50.400557359471584,50.400557359471584,50.400557359471584,50.79523314110213,19.71492651409397
2025-08-08,78.58717083975787,78.58717083975787,78.58717083975787,49.14499339635381,16.007699263448444
2025-08-09,40.71840278347424,40.71840278347424,40.71840278347424,48.059286623604,16.327642156019984
2025-08-10,71.36283267904471,71.36283267904471,71.36283267904471,50.70983444637759,18.578074287032674
2025-08-11,87.39206130746591,87.39206130746591,87.39206130746591,58.1608663115458,21.55749751458133
2025-08-12,84.13558735258368,84.13558735258368,84.13558735258368,66.21774034837591,18.632698385633056
2025-08-13,100.43744851286466,100.43744851286466,100.43744851286466,73.29058011923753,21.095372237227323
2025-08-14,79.16838374892897,79.16838374892897,79.16838374892897,77.40026960344572,18.540302851416318
2025-08-15,72.57643681343912,72.57643681343912,72.57643681343912,76.54159331397162,18.615210323746304
2025-08-16,87.04687948757292,87.04687948757292,87.04687948757292,83.15994712884286,9.996650602885769
2025-08-17,77.46406714714922,77.46406714714922,77.46406714714922,84.03155205285779,9.01435349018729
2025-08-18,96.81133022513802,96.81133022513802,96.81133022513802,85.3771618982395,10.221761587961698
2025-08-19,75.4728295797083,75.4728295797083,75.4728295797083,84.13962507354303,10.899084589564536
2025-08-20,100.73814771696794,100.73814771696794,100.73814771696794,84.18258210270065,10.974358426831524
2025-08-21,67.68686849020973,67.68686849020973,67.68686849020973,82.54236563716934,12.588046375835825
2025-08-22,89.08473926908283,89.08473926908283,89.08473926908283,84.90069455940413,11.939461026660814
2025-08-23,80.63430676611928,80.63430676611928,80.63430676611928,83.98461274205363,11.993233449374312
2025-08-24,84.22964280871616,84.22964280871616,84.22964280871616,84.9511235508489,11.647813917218253
2025-08-25,78.92767431044588,78.92767431044588,78.92767431044588,82.39631556303573,10.519486249444906
2025-08-26,104.94157191647412,104.94157191647412,104.94157191647412,86.60613589685943,12.911579821313852
2025-08-27,75.1041463761933,75.1041463761933,75.1041463761933,82.94413570532018,11.824858335465372
2025-08-28,72.78243313318099,72.78243313318099,72.78243313318099,83.67207351145895,10.84535530436142
2025-08-29,83.10102820086897,83.10102820086897,83.10102820086897,82.81725764457124,10.580206055382023
2025-08-30,41.13717284954027,41.13717284954027,41.13717284954027,77.17480994220281,19.066760966454844
2025-08-31,36.855869448773625,36.855869448773625,36.855869448773625,70.4071280336396,23.932139858850032
2025-09-01,41.58661232480562,41.58661232480562,41.58661232480562,65.07269060711955,25.804756562848052
2025-09-02,80.75958691424434,80.75958691424434,80.75958691424434,61.61812132108673,20.689471734170233
2025-09-03,99.08151333203021,99.08151333203021,99.08151333203021,65.04345945763485,24.859028284726516
2025-09-04,77.2073786680822,77.2073786680822,77.2073786680822,65.67559453404932,25.14325548163515
2025-09-05,74.11143653615908,74.11143653615908,74.11143653615908,64.39136715337648,24.321022420050504
2025-09-06,17.5890390369482,17.5890390369482,17.5890390369482,61.027348037291894,29.210605327070176
2025-09-07,29.588541507905934,29.588541507905934,29.588541507905934,59.98915833145365,30.320922631144132
2025-09-08,84.41070553109957,84.41070553109957,84.41070553109957,66.1068859323528,30.309300625190616
2025-09-09,74.69403920894204,74.69403920894204,74.69403920894204,65.24037911730962,29.90458143060017
2025-09-10,50.474741854948945,50.474741854948945,50.474741854948945,58.296554620583706,26.143797006721467
2025-09-11,4.550044646961184,4.550044646961184,4.550044646961184,47.916935474709284,31.29936459543386
2025-09-12,18.554308751106834,18.554308751106834,18.554308751106834,39.98020293398753,30.585866133335873
2025-09-13,32.71739808652832,32.71739808652832,32.71739808652832,42.141397083927544,29.24511365245514
2025-09-14,77.09510181215232,77.09510181215232,77.09510181215232,48.92804855596275,31.287475819581623
2025-09-15,31.99871970268911,31.99871970268911,31.99871970268911,41.44062200904697,27.412251501546635
2025-09-16,33.33092906004624,33.33092906004624,33.33092906004624,35.53160627349042,23.180995412261336
2025-09-17,65.50300271297066,65.50300271297066,65.50300271297066,37.678500681779234,25.38659260365574
2025-09-18,71.66245833767992,71.66245833767992,71.66245833767992,47.265988351881916,23.38393267495336
2025-09-19,72.71770265558506,72.71770265558506,72.71770265558506,55.00361605252166,21.154916223517706
2025-09-20,71.4833685086369,71.4833685086369,71.4833685086369,60.5416118271086,19.34512786179846
2025-09-21,39.71704058976028,39.71704058976028,39.71704058976028,55.20188879533831,19.17228935242352
2025-09-22,71.23732301854378,71.23732301854378,71.23732301854378,60.807403554746124,16.853563415676707
2025-09-23,91.49092459159539,91.49092459159539,91.49092459159539,69.11597434496743,15.31639084643998
2025-09-24,93.5272217750383,93.5272217750383,93.5272217750383,73.11943421097709,17.692807258660878
2025-09-25,88.573810931313,88.573810931313,88.573810931313,75.53534172435323,18.592432553233035
2025-09-26,89.17878733417984,89.17878733417984,89.17878733417984,77.88692524986678,19.207490692102812
2025-09-27,82.55146850795846,82.55146850795846,82.55146850795846,79.46808239262701,19.047389198264778
2025-09-28,95.73614802890891,95.73614802890891,95.73614802890891,87.47081202679111,8.296757153364817
2025-09-29,86.40980264352977,86.40980264352977,86.40980264352977,89.63830911607481,4.429641552044011
2025-09-30,88.70390074407351,88.70390074407351,88.70390074407351,89.24016285214311,4.360077167717673
