settlementDate,ssp,sbp,price,NIV,NIV_lag1,NIV_roll7
2025-02-01,111.9094980304784,111.9094980304784,111.9094980304784,3564.1924521971373,,
2025-02-02,96.16076043813763,96.16076043813763,96.16076043813763,-4958.656687716624,3564.1924521971373,
2025-02-03,102.2679794228034,102.2679794228034,102.2679794228034,-13457.367423644622,-4958.656687716624,-4950.610553054703
2025-02-04,119.11708383964604,119.11708383964604,119.11708383964604,8252.535702494057,-13457.367423644622,-1649.823989167513
2025-02-05,126.26251501474802,126.26251501474802,126.26251501474802,7094.496854148232,8252.535702494057,99.04017949563604
2025-02-06,120.03212267953603,120.03212267953603,120.03212267953603,-202.98905637473263,7094.496854148232,48.701973517241264
2025-02-07,125.42729340561566,125.42729340561566,125.42729340561566,4615.012631413318,-202.98905637473263,701.0320675023951
2025-02-08,135.59788554280078,135.59788554280078,135.59788554280078,9354.214775452783,4615.012631413318,1528.178113681773
2025-02-09,115.5264908486963,115.5264908486963,115.5264908486963,210.21333494036168,9354.214775452783,2266.5881169184854
2025-02-10,116.61729591836735,116.61729591836735,116.61729591836735,1482.6449140874454,210.21333494036168,4400.875593737352
2025-02-11,135.18127921584207,135.18127921584207,135.18127921584207,6688.328094997794,1482.6449140874454,4177.417364095029
2025-02-12,131.29718255154702,131.29718255154702,131.29718255154702,4787.0192022720685,6688.328094997794,3847.777699541291
2025-02-13,130.23707759852854,130.23707759852854,130.23707759852854,-1645.1687747396302,4787.0192022720685,3641.752025489163
2025-02-14,95.06756242692752,95.06756242692752,95.06756242692752,-14569.104858465755,-1645.1687747396302,901.1638126492952
2025-02-15,114.07626028719727,114.07626028719727,114.07626028719727,-4880.430502712958,-14569.104858465755,-1132.356941374382
2025-02-16,87.47092957038541,87.47092957038541,87.47092957038541,-7636.877100964342,-4880.430502712958,-2253.3698607893393
2025-02-17,104.53770833333333,104.53770833333333,104.53770833333333,-8339.233389588004,-7636.877100964342,-3656.4953327429753
2025-02-18,97.84349963314732,97.84349963314732,97.84349963314732,-322.806561507567,-8339.233389588004,-4658.085997958026
2025-02-19,99.90541993086775,99.90541993086775,99.90541993086775,7107.598519439735,-322.806561507567,-4326.574666934074
2025-02-20,74.66532719081165,74.66532719081165,74.66532719081165,-5574.926928583159,7107.598519439735,-4887.968688911721
2025-02-21,49.475764571962344,49.475764571962344,49.475764571962344,-13691.232134548802,-5574.926928583159,-4762.558299780728
2025-02-22,50.83693677759601,50.83693677759601,50.83693677759601,-19820.847211552962,-13691.232134548802,-6896.9035439007275
2025-02-23,42.70233147402416,42.70233147402416,42.70233147402416,-11388.744510844635,-19820.847211552962,-7432.884602455057
2025-02-24,53.022271838087086,53.022271838087086,53.022271838087086,-12120.950808856262,-11388.744510844635,-7973.129948064807
2025-02-25,88.4102539684696,88.4102539684696,88.4102539684696,-6229.325855277005,-12120.950808856262,-8816.918418603298
2025-02-26,106.04416977070106,106.04416977070106,106.04416977070106,79.59980479486727,-6229.325855277005,-9820.918234981136
2025-02-27,90.6412269645012,90.6412269645012,90.6412269645012,-8162.914226714486,79.59980479486727,-10190.630706142754
2025-02-28,100.14140537545819,100.14140537545819,100.14140537545819,-964.7918248512585,-8162.914226714486,-8372.567804757391
2025-03-01,91.63810269555167,91.63810269555167,91.63810269555167,-3497.473020119582,-964.7918248512585,-6040.657205981194
2025-03-02,106.29795719119427,106.29795719119427,106.29795719119427,6617.222048121303,-3497.473020119582,-3468.37626898606
2025-03-03,90.47766480982739,90.47766480982739,90.47766480982739,-4231.025689751647,6617.222048121303,-2341.244109113972
2025-03-04,78.27538561220007,78.27538561220007,78.27538561220007,-4163.379075131952,-4231.025689751647,-2046.108854807536
2025-03-05,67.6645009664892,67.6645009664892,67.6645009664892,-7518.03574213625,-4163.379075131952,-3131.4853615119814
2025-03-06,93.57633724486196,93.57633724486196,93.57633724486196,11589.642813351278,-7518.03574213625,-309.6914986454436
2025-03-07,91.71836219960443,91.71836219960443,91.71836219960443,-4529.967871338968,11589.642813351278,-819.002362429402
2025-03-08,87.04948951359899,87.04948951359899,87.04948951359899,-1979.8223879151385,-4529.967871338968,-602.1951292573386
2025-03-09,89.42492289774809,89.42492289774809,89.42492289774809,-210.15702168045507,-1979.8223879151385,-1577.5349963718756
2025-03-10,75.76644587278763,75.76644587278763,75.76644587278763,-7314.520425716933,-210.15702168045507,-2018.0342443669163
2025-03-11,85.0006362185532,85.0006362185532,85.0006362185532,-9626.921370964463,-7314.520425716933,-2798.540286628703
2025-03-12,88.1953171431846,88.1953171431846,88.1953171431846,-6223.72285509108,-9626.921370964463,-2613.6384456222504
2025-03-13,94.81267190417013,94.81267190417013,94.81267190417013,-3935.0433274197185,-6223.72285509108,-4831.450751446678
2025-03-14,103.84908325614235,103.84908325614235,103.84908325614235,891.5966784814075,-3935.0433274197185,-4056.941530043768
2025-03-15,87.6887529953044,87.6887529953044,87.6887529953044,-8184.396974812452,891.5966784814075,-4943.309328171956
2025-03-16,98.16352044764507,98.16352044764507,98.16352044764507,-1153.4691059935292,-8184.396974812452,-5078.068197359537
2025-03-17,106.3440996374873,106.3440996374873,106.3440996374873,1487.9312923334387,-1153.4691059935292,-3820.5750947809133
2025-03-18,90.31881627273528,90.31881627273528,90.31881627273528,-8478.064984345512,1487.9312923334387,-3656.452753835348
2025-03-19,124.85750074219101,124.85750074219101,124.85750074219101,8288.123721789141,-8478.064984345512,-1583.3318142810313
2025-03-20,112.18907923775373,112.18907923775373,112.18907923775373,1384.064138586392,8288.123721789141,-823.4593191373012
2025-03-21,103.13365449641866,103.13365449641866,103.13365449641866,13459.705521031212,1384.064138586392,971.9848012269566
2025-03-22,96.07420411933403,96.07420411933403,96.07420411933403,4799.703207885869,13459.705521031212,2826.8562558981453
2025-03-23,109.68611654325296,109.68611654325296,109.68611654325296,6331.627182129764,4799.703207885869,3896.155725630044
2025-03-24,93.63323486030306,93.63323486030306,93.63323486030306,-5257.1427982243895,6331.627182129764,2932.5737126932117
2025-03-25,83.23283346793882,83.23283346793882,83.23283346793882,-6076.5714645623375,-5257.1427982243895,3275.64421551938
2025-03-26,88.72236424440938,88.72236424440938,88.72236424440938,-2731.608893709563,-6076.5714645623375,1701.3966990195647
2025-03-27,79.75344145898298,79.75344145898298,79.75344145898298,-2010.8798648985012,-2731.608893709563,1216.4046985217228
2025-03-28,46.402881889411,46.402881889411,46.402881889411,-20036.368177966935,-2010.8798648985012,-3568.7486870494404
2025-03-29,53.55007103902053,53.55007103902053,53.55007103902053,-12180.271897530874,-20036.368177966935,-5994.4594163946895
2025-03-30,9.77995332797167,9.77995332797167,9.77995332797167,-34539.29528952611,-12180.271897530874,-11833.162626631241
2025-03-31,90.61927431827449,90.61927431827449,90.61927431827449,-1165.912822204108,-34539.29528952611,-11248.701201485488
2025-04-01,53.1659669577397,53.1659669577397,53.1659669577397,-11366.496748115684,-1165.912822204108,-12004.404813421681
2025-04-02,55.8485396039604,55.8485396039604,55.8485396039604,-5181.117021768439,-11366.496748115684,-12354.33454600152
2025-04-03,107.70457658854167,107.70457658854167,107.70457658854167,13192.745842849767,-5181.117021768439,-10182.388016323197
2025-04-04,72.47446419291087,72.47446419291087,72.47446419291087,-1865.201956749127,13192.745842849767,-7586.5071275777955
2025-04-05,27.045156892892177,27.045156892892177,27.045156892892177,-9749.969828214498,-1865.201956749127,-7239.321117675456
2025-04-06,29.29583706525298,29.29583706525298,29.29583706525298,-6687.473848176771,-9749.969828214498,-3260.489483196979
2025-04-07,88.15704070104083,88.15704070104083,88.15704070104083,-3606.7624259796276,-6687.473848176771,-3609.1822837363393
2025-04-08,89.3757561813381,89.3757561813381,89.3757561813381,475.63072988990103,-3606.7624259796276,-1917.4497868783983
2025-04-09,89.24411180288398,89.24411180288398,89.24411180288398,-1250.7183804955625,475.63072988990103,-1355.964266696559
2025-04-10,70.6786680128367,70.6786680128367,70.6786680128367,-9942.981667925957,-1250.7183804955625,-4661.068196807376
2025-04-11,74.0496317812169,74.0496317812169,74.0496317812169,-4447.385803756115,-9942.981667925957,-5029.951603522661
2025-04-12,64.90250484496124,64.90250484496124,64.90250484496124,-1049.0097229172115,-4447.385803756115,-3786.9573027659053
2025-04-13,55.45655580593666,55.45655580593666,55.45655580593666,-4579.9349080924985,-1049.0097229172115,-3485.880311325295
2025-04-14,76.8046876536469,76.8046876536469,76.8046876536469,-623.2609101631157,-4579.9349080924985,-3059.6658090657934
2025-04-15,88.00486613538622,88.00486613538622,88.00486613538622,100.62584025506266,-623.2609101631157,-3113.2379361564845
2025-04-16,70.99839335675567,70.99839335675567,70.99839335675567,1450.8705720339474,100.62584025506266,-2727.296657223698
2025-04-17,84.54540946318942,84.54540946318942,84.54540946318942,-1153.5732392685948,1450.8705720339474,-1471.6668817012173
2025-04-18,90.83499492968662,90.83499492968662,90.83499492968662,7379.2415757366425,-1153.5732392685948,217.85131536917677
2025-04-19,64.53733792904207,64.53733792904207,64.53733792904207,3274.7085128501735,7379.2415757366425,835.5253490502317
2025-04-20,94.67373544665203,94.67373544665203,94.67373544665203,7137.886942835721,3274.7085128501735,2509.4998991828347
2025-04-21,91.88417257864585,91.88417257864585,91.88417257864585,2342.0837183118065,7137.886942835721,2933.1205603935377
2025-04-22,76.39765986946553,76.39765986946553,76.39765986946553,-1954.5092131202282,2342.0837183118065,2639.5298384827815
2025-04-23,80.27010214959601,80.27010214959601,80.27010214959601,-1698.4753356954006,-1954.5092131202282,2189.623280235732
2025-04-24,73.57740213237939,73.57740213237939,73.57740213237939,-5524.19573975963,-1698.4753356954006,1565.2486373084414
2025-04-25,86.02979166666667,86.02979166666667,86.02979166666667,730.8843667335427,-5524.19573975963,615.4833217365701
2025-04-26,82.64770833333334,82.64770833333334,82.64770833333334,1120.6128734453805,730.8843667335427,307.75537325017103
2025-04-27,38.64687066140177,38.64687066140177,38.64687066140177,-11070.474614324887,1120.6128734453805,-2293.43913491563
2025-04-28,90.63143039758019,90.63143039758019,90.63143039758019,4330.243305640501,-11070.474614324887,-2009.4163367258166
2025-04-29,94.44172028352648,94.44172028352648,94.44172028352648,4870.990823535857,4330.243305640501,-1034.3449029178043
2025-04-30,83.57759744180389,83.57759744180389,83.57759744180389,-748.0869751302133,4870.990823535857,-898.5751371227777
2025-05-01,69.82223483867159,69.82223483867159,69.82223483867159,-4370.812968046973,-748.0869751302133,-733.8061697352553
2025-05-02,73.66748079246496,73.66748079246496,73.66748079246496,-511.86191929216045,-4370.812968046973,-911.3413534532128
2025-05-03,53.77974318114105,53.77974318114105,53.77974318114105,-5096.569858871001,-511.86191929216045,-1799.510315212696
2025-05-04,17.35655343929066,17.35655343929066,17.35655343929066,-14804.365355553284,-5096.569858871001,-2332.923278245324
2025-05-05,70.92723505742482,70.92723505742482,70.92723505742482,228.61409940265185,-14804.365355553284,-2918.8703077078744
2025-05-06,78.20852344986253,78.20852344986253,78.20852344986253,-5221.146744670762,228.61409940265185,-4360.604246023106
2025-05-07,91.19481147294346,91.19481147294346,91.19481147294346,3601.9083441086577,-5221.146744670762,-3739.1763432746952
2025-05-08,101.99596977214931,101.99596977214931,101.99596977214931,4854.528803990765,3601.9083441086577,-2421.270375840733
2025-05-09,107.63089166013664,107.63089166013664,107.63089166013664,4997.203308202658,4854.528803990765,-1634.2610576271873
2025-05-10,73.15237345568323,73.15237345568323,73.15237345568323,1658.5939380758882,4997.203308202658,-669.2376580633457
2025-05-11,73.46465625171906,73.46465625171906,73.46465625171906,4624.411263160277,1658.5939380758882,2106.3018588957343
2025-05-12,92.12729590007773,92.12729590007773,92.12729590007773,5909.195212446302,4624.411263160277,2917.813446473399
2025-05-13,91.24713504747886,91.24713504747886,91.24713504747886,3980.2209188499064,5909.195212446302,4232.294541262066
2025-05-14,76.65087209845574,76.65087209845574,76.65087209845574,-2829.215308133203,3980.2209188499064,3313.5625909418
2025-05-15,94.84285090857794,94.84285090857794,94.84285090857794,12778.002984584353,-2829.215308133203,4445.487473883741
2025-05-16,62.943729574980104,62.943729574980104,62.943729574980104,-4333.96415254583,12778.002984584353,3112.463550919671
2025-05-17,59.01251708944226,59.01251708944226,59.01251708944226,-4233.270987606124,-4333.96415254583,2270.7685615365267
2025-05-18,74.49202536593982,74.49202536593982,74.49202536593982,134.30661561749744,-4233.270987606124,1629.325040458987
2025-05-19,73.28703258468803,73.28703258468803,73.28703258468803,-3651.777311961601,134.30661561749744,263.471822686429
2025-05-20,83.96494669386283,83.96494669386283,83.96494669386283,-1330.2197978353893,-3651.777311961601,-495.1625654114704
2025-05-21,80.0877297414979,80.0877297414979,80.0877297414979,-2265.0179030929967,-1330.2197978353893,-414.5629361200123
2025-05-22,93.38500528938555,93.38500528938555,93.38500528938555,5161.421979456917,-2265.0179030929967,-1502.645936852503
2025-05-23,68.60418386355218,68.60418386355218,68.60418386355218,-7000.3424563380995,5161.421979456917,-1883.5571231085414
2025-05-24,28.240903687677413,28.240903687677413,28.240903687677413,-10054.879273394034,-7000.3424563380995,-2715.215449649672
2025-05-25,9.266349189870537,9.266349189870537,9.266349189870537,-5538.929735090246,-10054.879273394034,-3525.6777854650636
2025-05-26,28.648763029366293,28.648763029366293,28.648763029366293,-9477.446258119813,-5538.929735090246,-4357.9162063448075
2025-05-27,71.7780136898932,71.7780136898932,71.7780136898932,-901.7796416094247,-9477.446258119813,-4296.710469741099
2025-05-28,89.63741313274106,89.63741313274106,89.63741313274106,2114.8698084387142,-901.7796416094247,-3671.0122252365686
2025-05-29,34.629763841800646,34.629763841800646,34.629763841800646,-17376.12372549526,2114.8698084387142,-6890.661611658309
2025-05-30,71.08707348949036,71.08707348949036,71.08707348949036,1775.1081966680038,-17376.12372549526,-5637.025804086008
2025-05-31,57.071284259340736,57.071284259340736,57.071284259340736,-4703.973520548901,1775.1081966680038,-4872.610696536703
2025-06-01,27.044757370444618,27.044757370444618,27.044757370444618,-11531.773099049902,-4703.973520548901,-5728.731177102369
2025-06-02,62.88279980485256,62.88279980485256,62.88279980485256,-5755.6666899556685,-11531.773099049902,-5197.048381650347
2025-06-03,0.400293148994159,0.400293148994159,0.400293148994159,-23283.654005640645,-5755.6666899556685,-8394.45900508338
2025-06-04,34.662319960243416,34.662319960243416,34.662319960243416,-11817.101267675334,-23283.654005640645,-10384.740587385386
2025-06-05,89.73641448006089,89.73641448006089,89.73641448006089,6337.427898190203,-11817.101267675334,-6997.09035543032
2025-06-06,91.34117137308162,91.34117137308162,91.34117137308162,7740.178267685441,6337.427898190203,-6144.937488142115
2025-06-07,105.94104132158627,105.94104132158627,105.94104132158627,8594.070119642647,7740.178267685441,-4245.216968114751
2025-06-08,41.27121950087619,41.27121950087619,41.27121950087619,-3935.7514677619088,8594.070119642647,-3160.0710207878947
2025-06-09,85.16652264322089,85.16652264322089,85.16652264322089,1475.4963437568363,-3935.7514677619088,-2127.047730257537
2025-06-10,48.75791926124458,48.75791926124458,48.75791926124458,-9058.620603854215,1475.4963437568363,-94.90010143090383
2025-06-11,90.01379320395411,90.01379320395411,90.01379320395411,4682.735648482358,-9058.620603854215,2262.219458020195
2025-06-12,81.8887896037652,81.8887896037652,81.8887896037652,5420.4093483211,4682.735648482358,2131.2168080388947
2025-06-13,79.14232803786119,79.14232803786119,79.14232803786119,4294.641055164035,5420.4093483211,1638.9972062501222
2025-06-14,77.4004388405465,77.4004388405465,77.4004388405465,5856.522370497235,4294.641055164035,1247.9189563722061
2025-06-15,61.158176956995284,61.158176956995284,61.158176956995284,-3254.4155521546522,5856.522370497235,1345.2526586018143
2025-06-16,82.88306450082068,82.88306450082068,82.88306450082068,2673.0662528902208,-3254.4155521546522,1516.334074192298
2025-06-17,75.57878352553132,75.57878352553132,75.57878352553132,-1561.4338260752454,2673.0662528902208,2587.360756732151
2025-06-18,116.03451693847437,116.03451693847437,116.03451693847437,13661.982772717856,-1561.4338260752454,3870.1103459086507
2025-06-19,110.3452418786198,110.3452418786198,110.3452418786198,4402.195946111926,13661.982772717856,3724.6512884501967
2025-06-20,105.52847544002883,105.52847544002883,105.52847544002883,3588.5266917617973,4402.195946111926,3623.7778079641625
2025-06-21,94.36639536999724,94.36639536999724,94.36639536999724,6713.614454393174,3588.5266917617973,3746.219534235011
2025-06-22,16.522573691758563,16.522573691758563,16.522573691758563,-21209.98772678747,6713.614454393174,1181.1377950017518
2025-06-23,37.10472076276961,37.10472076276961,37.10472076276961,-6798.676993879575,-21209.98772678747,-171.96838310821906
2025-06-24,73.61174485453245,73.61174485453245,73.61174485453245,1942.326463471883,-6798.676993879575,328.56880111279924
2025-06-25,98.32721519173897,98.32721519173897,98.32721519173897,1580.1802320164602,1942.326463471883,-1397.4029904159713
2025-06-26,49.088077395407026,49.088077395407026,49.088077395407026,-13873.435028537344,1580.1802320164602,-4008.2074153658673
2025-06-27,52.924813264683,52.924813264683,52.924813264683,-1789.4365524596003,-13873.435028537344,-4776.487878826067
2025-06-28,1.4414044503894685,1.4414044503894685,1.4414044503894685,-20812.409624963126,-1789.4365524596003,-8708.777033019824
2025-06-29,65.41724767140765,65.41724767140765,65.41724767140765,4102.996805257877,-20812.409624963126,-5092.636385584774
2025-06-30,116.91014107660298,116.91014107660298,116.91014107660298,8090.9468788667355,4102.996805257877,-2965.54726090673
2025-07-01,89.55879805354628,89.55879805354628,89.55879805354628,-26.394477250410503,8090.9468788667355,-3246.7931095813433
2025-07-02,78.83162029673576,78.83162029673576,78.83162029673576,-1756.9714106153572,-26.394477250410503,-3723.529058528746
2025-07-03,81.83561614311652,81.83561614311652,81.83561614311652,1484.7301067202327,-1756.9714106153572,-1529.5054677776636
2025-07-04,50.41178488023714,50.41178488023714,50.41178488023714,-2318.415153870992,1484.7301067202327,-1605.0738394078624
2025-07-05,15.10823444743371,15.10823444743371,15.10823444743371,-9525.993833256864,-2318.415153870992,7.271273693032136
2025-07-06,96.0652811251815,96.0652811251815,96.0652811251815,7768.01418562,-9525.993833256864,530.8451851733354
2025-07-07,68.29126722347151,68.29126722347151,68.29126722347151,-430.59767291967137,7768.01418562,-686.5183222247227
2025-07-08,73.6512881858336,73.6512881858336,73.6512881858336,1892.2927962542276,-430.59767291967137,-412.42014029548875
2025-07-09,77.67640522062173,77.67640522062173,77.67640522062173,-637.3436166652675,1892.2927962542276,-252.47331258833304
2025-07-10,82.45241515666656,82.45241515666656,82.45241515666656,-176.46041495900786,-637.3436166652675,-489.786244256796
2025-07-11,82.66968797550223,82.66968797550223,82.66968797550223,167.61447091555647,-176.46041495900786,-134.63915500157478
2025-07-12,79.65425257908771,79.65425257908771,79.65425257908771,-274.3388068203707,167.61447091555647,1187.025848775067
2025-07-13,78.63180552722808,78.63180552722808,78.63180552722808,-143.95841416775792,-274.3388068203707,56.744048805387465
2025-07-14,72.75142650903462,72.75142650903462,72.75142650903462,-2546.327836892811,-143.95841416775792,-245.50311747648962
2025-07-15,92.23136815873416,92.23136815873416,92.23136815873416,8141.6227135226845,-2546.327836892811,647.2582992761471
2025-07-16,86.9499236962695,86.9499236962695,86.9499236962695,-1521.334630002099,8141.6227135226845,520.9738687994569
2025-07-17,85.17542770834491,85.17542770834491,85.17542770834491,-1520.8350502214098,-1521.334630002099,328.9203494762566
2025-07-18,91.77387879435673,91.77387879435673,91.77387879435673,2209.6217756038154,-1520.8350502214098,620.6356787174365
2025-07-19,86.84906556803476,86.84906556803476,86.84906556803476,4396.774261315269,2209.6217756038154,1287.9375455939564
2025-07-20,97.95975524861295,97.95975524861295,97.95975524861295,8351.29355738557,4396.774261315269,2501.544970101575
2025-07-21,71.09517722077096,71.09517722077096,71.09517722077096,-7543.166431001333,8351.29355738557,1787.7108852289289
2025-07-22,86.70279101704341,86.70279101704341,86.70279101704341,239.71380343897684,-7543.166431001333,658.8667552169705
2025-07-23,90.65106727914326,90.65106727914326,90.65106727914326,2425.5773139630437,239.71380343897684,1222.7113186405622
2025-07-24,86.12633551231859,86.12633551231859,86.12633551231859,-547.4098598649638,2425.5773139630437,1361.7720601200547
2025-07-25,79.10902400460307,79.10902400460307,79.10902400460307,-6229.956711222359,-547.4098598649638,156.11799057345812
2025-07-26,79.74410707667779,79.74410707667779,79.74410707667779,-3604.0209742884367,-6229.956711222359,-986.8527573699284
2025-07-27,82.94624204213694,82.94624204213694,82.94624204213694,32.6294828742254,-3604.0209742884367,-2175.2333394429775
2025-07-28,71.54786563730723,71.54786563730723,71.54786563730723,-6924.8798836803,32.6294828742254,-2086.906689825687
2025-07-29,74.79094551369231,74.79094551369231,74.79094551369231,-6854.072832582768,-6924.8798836803,-3100.3047806859363
2025-07-30,73.54160890342926,73.54160890342926,73.54160890342926,-6794.7516361770895,-6854.072832582768,-4417.494630705955
2025-08-01,90.13884905299615,90.13884905299615,90.13884905299615,5772.026768369137,-6794.7516361770895,-3514.717969529655
2025-08-02,48.31835019272287,48.31835019272287,48.31835019272287,-7615.152262889044,5772.026768369137,-3712.6030483391814
2025-08-03,52.808997919629604,52.808997919629604,52.808997919629604,-2473.7194460371447,-7615.152262889044,-3551.1314014461395
2025-08-04,35.23483825128839,35.23483825128839,35.23483825128839,-6128.26211686681,-2473.7194460371447,-4431.258772837717
2025-08-05,27.73746909477291,27.73746909477291,27.73746909477291,-6787.286876017781,-6128.26211686681,-4411.6026288859275
2025-08-06,50.92757011683341,50.92757011683341,50.92757011683341,-7795.234081894942,-6787.286876017781,-4546.054235930525
2025-08-07,50.400557359471584,50.400557359471584,50.400557359471584,-6058.340240660336,-7795.234081894942,-4440.85260799956
2025-08-08,78.58717083975787,78.58717083975787,78.58717083975787,1747.7746277656097,-6058.340240660336,-5015.745770942921
2025-08-09,40.71840278347424,40.71840278347424,40.71840278347424,-9933.670803484309,1747.7746277656097,-5346.962705313673
2025-08-10,71.36283267904471,71.36283267904471,71.36283267904471,36.19367392566727,-9933.670803484309,-4988.403688176128
2025-08-11,87.39206130746591,87.39206130746591,87.39206130746591,-719.7014317608131,36.19367392566727,-4215.752161732415
2025-08-12,84.13558735258368,84.13558735258368,84.13558735258368,-2551.9083428287827,-719.7014317608131,-3610.698085562558
2025-08-13,100.43744851286466,100.43744851286466,100.43744851286466,3429.7488479338017,-2551.9083428287827,-2007.129095587023
2025-08-14,79.16838374892897,79.16838374892897,79.16838374892897,-5177.904847584158,3429.7488479338017,-1881.3526108618546
2025-08-15,72.57643681343912,72.57643681343912,72.57643681343912,-5796.203559419223,-5177.904847584158,-2959.0637804596877
2025-08-16,87.04687948757292,87.04687948757292,87.04687948757292,2651.3111349561354,-5796.203559419223,-1161.2092178253386
2025-08-17,77.46406714714922,77.46406714714922,77.46406714714922,308.7865918920355,2651.3111349561354,-1122.2673724015717
2025-08-18,96.81133022513802,96.81133022513802,96.81133022513802,3752.172301231383,308.7865918920355,-483.42826768840087
2025-08-19,75.4728295797083,75.4728295797083,75.4728295797083,-4698.192234187478,3752.172301231383,-790.0402521682144
2025-08-20,100.73814771696794,100.73814771696794,100.73814771696794,4321.37353785929,-4698.192234187478,-662.6652964645733
2025-08-21,67.68686849020973,67.68686849020973,67.68686849020973,-13376.812366543692,4321.37353785929,-1833.937799173078
2025-08-22,89.08473926908283,89.08473926908283,89.08473926908283,-2425.5179869637377,-13376.812366543692,-1352.4112888222942
2025-08-23,80.63430676611928,80.63430676611928,80.63430676611928,-3345.8167396023487,-2425.5179869637377,-2209.143842330649
2025-08-24,84.22964280871616,84.22964280871616,84.22964280871616,-1244.4887966363249,-3345.8167396023487,-2431.040326406129
2025-08-25,78.92767431044588,78.92767431044588,78.92767431044588,5872.211491111926,-1244.4887966363249,-2128.177584994623
2025-08-26,104.94157191647412,104.94157191647412,104.94157191647412,8845.040200738877,5872.211491111926,-193.43009429085836
2025-08-27,75.1041463761933,75.1041463761933,75.1041463761933,-8514.689925515439,8845.040200738877,-2027.1534462015338
2025-08-28,72.78243313318099,72.78243313318099,72.78243313318099,-9259.32842004363,-8514.689925515439,-1438.941453844382
2025-08-29,83.10102820086897,83.10102820086897,83.10102820086897,1514.373976811568,-9259.32842004363,-876.0997447336241
2025-08-30,41.13717284954027,41.13717284954027,41.13717284954027,-9025.859462515184,1514.373976811568,-1687.5344194354577
2025-08-31,36.855869448773625,36.855869448773625,36.855869448773625,-1637.430157410969,-9025.859462515184,-1743.6688995461209
2025-09-01,41.58661232480562,41.58661232480562,41.58661232480562,-12101.029316872193,-1637.430157410969,-4311.274729258138
2025-09-02,80.75958691424434,80.75958691424434,80.75958691424434,-94.15709960522409,-12101.029316872193,-5588.302915021581
2025-09-03,99.08151333203021,99.08151333203021,99.08151333203021,9155.496154019813,-94.15709960522409,-3063.9906179451164
2025-09-04,77.2073786680822,77.2073786680822,77.2073786680822,-2802.9708972557146,9155.496154019813,-2141.653828975414
2025-09-05,74.11143653615908,74.11143653615908,74.11143653615908,-4188.1969769541065,-2802.9708972557146,-2956.30682237051
2025-09-06,17.5890390369482,17.5890390369482,17.5890390369482,-20814.57176091746,-4188.1969769541065,-4640.408579285121
2025-09-07,29.588541507905934,29.588541507905934,29.588541507905934,-6336.365140372499,-20814.57176091746,-5311.685005422483
2025-09-08,84.41070553109957,84.41070553109957,84.41070553109957,-3078.8536119399623,-6336.365140372499,-4022.8027618607352
2025-09-09,74.69403920894204,74.69403920894204,74.69403920894204,-3515.583766701835,-3078.8536119399623,-4511.578000017394
2025-09-10,50.474741854948945,50.474741854948945,50.474741854948945,-9776.075819840047,-3515.583766701835,-7216.088281997375
2025-09-11,4.550044646961184,4.550044646961184,4.550044646961184,-15682.505421506648,-9776.075819840047,-9056.021785461793
2025-09-12,18.554308751106834,18.554308751106834,18.554308751106834,-17411.981928885296,-15682.505421506648,-10945.133921451963
2025-09-13,32.71739808652832,32.71739808652832,32.71739808652832,-7613.736269035954,-17411.981928885296,-9059.300279754605
2025-09-14,77.09510181215232,77.09510181215232,77.09510181215232,3045.751833745165,-7613.736269035954,-7718.997854880654
2025-09-15,31.99871970268911,31.99871970268911,31.99871970268911,165.28266293965692,3045.751833745165,-7255.549815612137
2025-09-16,33.33092906004624,33.33092906004624,33.33092906004624,-10031.906080957408,165.28266293965692,-8186.453003362933
2025-09-17,65.50300271297066,65.50300271297066,65.50300271297066,-788.4692495796477,-10031.906080957408,-6902.509207611447
2025-09-18,71.66245833767992,71.66245833767992,71.66245833767992,1649.8852336247937,-788.4692495796477,-4426.4533997355275
2025-09-19,72.71770265558506,72.71770265558506,72.71770265558506,4381.830302939745,1649.8852336247937,-1313.0516523319498
2025-09-20,71.4833685086369,71.4833685086369,71.4833685086369,-6810.76827218833,4381.830302939745,-1198.341938496575
2025-09-21,39.71704058976028,39.71704058976028,39.71704058976028,-6716.308069879901,-6810.76827218833,-2592.921924728728
2025-09-22,71.23732301854378,71.23732301854378,71.23732301854378,-3181.801736032377,-6716.308069879901,-3071.0768388675892
2025-09-23,91.49092459159539,91.49092459159539,91.49092459159539,3217.347810230177,-3181.801736032377,-1178.3262829836488
2025-09-24,93.5272217750383,93.5272217750383,93.5272217750383,2812.8866800853593,3217.347810230177,-663.8468644600762
2025-09-25,88.573810931313,88.573810931313,88.573810931313,4841.393622836898,2812.8866800853593,-207.91709457263278
2025-09-26,89.17878733417984,89.17878733417984,89.17878733417984,582.5025414604114,4841.393622836898,-750.6782033553947
2025-09-27,82.55146850795846,82.55146850795846,82.55146850795846,-1777.1712780998587,582.5025414604114,-31.592918485613023
2025-09-28,95.73614802890891,95.73614802890891,95.73614802890891,3168.176213290285,-1777.1712780998587,1380.4762648244136
2025-09-29,86.40980264352977,86.40980264352977,86.40980264352977,-2276.489290547192,3168.176213290285,1509.8066141794402
2025-09-30,88.70390074407351,88.70390074407351,88.70390074407351,602.695173244055,-2276.489290547192,1136.2848088957082
